Company Name,Careers Page URL
Tik Tok,https://lifeattiktok.com/search?keyword=los+angeles&recruitment_id_list=&job_category_id_list=&subject_id_list=&location_code_list=&limit=12&offset=0
Upstart,https://careers.upstart.com/jobs/search
ChowNow,https://get.chownow.com/careers/
Sidecar Health,https://sidecarhealth.com/careers/#Opportunities
Deloitte,https://apply.deloitte.com/en_US/careers/SearchJobs?sort=relevancy
Live Nation,https://livenation.wd1.myworkdayjobs.com/LNExternalSite?q=Analyst
IMRI Technology & Engineering Solutions,https://www.imri.com/careers/
IQUASAR LLC,https://iquasar.com/career/
CV3 Financial Services,https://recruiting.paylocity.com/recruiting/jobs/All/0c6c8f83-5fd4-4c75-ac43-12998e3a04f4/CV3-Financial-Services
IV.AI ,https://iv.ai/careers
Spring Health ,https://www.springhealth.com/open-roles
Universal Music Group ,https://www.umusiccareers.com/gethired
Payabli,https://jobs.lever.co/payabli
Sawhorse Productions ,https://apply.workable.com/sawhorse-productions/
Netflix ,https://explore.jobs.netflix.net/careers
Lucasfilm,"https://jobs.disneycareers.com/search-jobs?acm=ALL&alrpm=ALL&ascf=[%7B%22key%22:%22custom_fields.IndustryCustomField%22,%22value%22:%22Lucasfilm%22%7D,%7B%22key%22:%22custom_fields.IndustryCustomField%22,%22value%22:%22Industrial+Light+%26+Magic%22%7D,%7B%22key%22:%22custom_fields.IndustryCustomField%22,%22value%22:%22ILMxLab%22%7D,%7B%22key%22:%22custom_fields.IndustryCustomField%22,%22value%22:%22Skywalker+Sound%22%7D]"
Crunchyroll ,https://www.crunchyroll.com/about/jobs?srsltid=AfmBOook2OB8NRF6D3THVFlYn0m1F3LXcoZWDDtFnJJ0mjOHBB1fCF3i
Playstation,https://careers.playstation.com/#jobs-list-section
Keywords Studios ,https://www.keywordsstudios.com/en/careers/browse-careers/
Age of Learning,https://jobs.lever.co/aofl
Google Cloud,https://www.google.com/about/careers/applications/jobs/results/
Serve Robotics,https://www.serverobotics.com/careers
Optum,https://careers.unitedhealthgroup.com/job-search-results/?keyword=optum&parent_category[]=Optum
UCLA,https://jobs.ucla.edu/jobs?sortBy=posted_date&descending=true&page=1
UCLA ,https://recruit.apo.ucla.edu/apply
HireIO,https://www.hireio.us/opportunity
Cloud Imperium Games,https://cloudimperiumgames.com/jobs
Bank of America,https://careers.bankofamerica.com/en-us/job-search?ref=search&search=jobsByStateCountry&keywords=financial+center&state=Texas&country=United+States&cm_mmc=ENT-Consumer-_-Google-PS-_-finance_jobs-_-NB_GHR&gclsrc=aw.ds&gad_source=1&gad_campaignid=12080058437&gbraid=0AAAAABrJewdLdkZ_o6RppVM0mOJv_cBw5&gclid=Cj0KCQjw1JjDBhDjARIsABlM2Sv3BBG6f3Ay1GRfHtjSxZ873jG6dM8I0_hdWvYgm4OjYncM1jIcurUaAoBNEALw_wcB
Axos Bank,https://axos.wd5.myworkdayjobs.com/Axos
MUFG Bank,https://mufgub.wd3.myworkdayjobs.com/MUFG-Careers?Country=bc33aa3152ec42d4995f4791a106ed09
Leerink Partners,https://leerink.wd5.myworkdayjobs.com/en-US/leerinkpartners
Knight Managerment Insurance Services,https://recruiting.ultipro.com/HAN1010/JobBoard/23251fd7-9d41-1433-ed09-5d056481afab/?q=&o=postedDateDesc&w=&wc=&we=&wpst=&f4=9bKnpmHlo0W7qThIICnq7g
PwC Insurance Analytics,"https://jobs.us.pwc.com/search-jobs?acm=ALL&alrpm=ALL&ascf=[%7B%22key%22:%22custom_fields.JobSeekerType%22,%22value%22:%22Entry+Level%22%7D]"
California Wellness Insurance ,https://www.calwellness.org/mission/employment/
Heluna Health ,https://recruiting2.ultipro.com/PUB1001PUBH/JobBoard/6705aa07-0bcb-4660-ad1b-2fda952becc7/?q=&o=postedDateDesc
Commonwealth Business Bank,https://workforcenow.adp.com/mascsr/default/mdf/recruitment/recruitment.html?cid=225364ce-b375-4d17-b41c-fa313f9fac3b&ccId=19000101_000001&lang=en_US
Cash App (Block),https://block.xyz/careers/jobs
Coinbase,https://www.coinbase.com/careers/positions
Pie Insurance,https://job-boards.greenhouse.io/pieinsurance
Altruist Corp,https://altruist.com/careers/#grnhse_app
Mission,https://www.homewithmission.com/careers/open-positions/
Laxir,https://careers.smartrecruiters.com/Laxir1
Duckbill Technologies ,https://job-boards.greenhouse.io/duckbilltechnologiesinc
Data Analysis Inc,https://careers.daicompanies.com/search/?createNewAlert=false&q=&locationsearch=&optionsFacetsDD_department=
Vaco (Higspring) ,https://jobs.vaco.com/home#search
"Turner, Warren, Hwang & Conrad",https://www.twhc.com/resources/careers/
Mastech Digital ,https://jobs.mastechdigital.com/?_gl=1*1ovuw54*_gcl_au*NDk5OTYyMzAuMTc1MTU3NDI3MA..
GUESS Inc,https://sjobs.brassring.com/TGnewUI/Search/Home/Home?partnerid=25813&siteid=5178#home
CVS Health,https://jobs.cvshealth.com/us/en/search-results?p=ChIJE9on3F3HwoAR9AhGJW_fL-I&location=Los%20Angeles%2C%20CA%2C%20USA&latitude=34.09544909873629&longitude=-117.73670496192267
Alo Yoga,https://www.aloyoga.com/pages/careers?srsltid=AfmBOoq0MOOPnkOynizjVAGOlrkUT9D4V1h1mrvhdIXkHTUsaSlSTnTi#job-listings
Mondel_z International,https://hourlyjobs-us.mondelezinternational.com/jobs?page_size=20&page_number=1&location=6-34.0549076%2C-118.242643&radius=15&locationDescription=coordinates&locationName=Los%20Angeles%2C%20CA%2C%20USA&sort_by=distance&sort_order=ASC
Fashion Nova,https://www.fashionnova.com/pages/careers#jobs
Meta,https://www.metacareers.com/jobs
Disney,https://www.disneycareers.com/en/search-jobs/Los%20Angeles%2C%20CA/391/4/6252001-5332921-5368381-5368361/34x05223/-118x24368/100/2
Warner Bros,https://careers.wbd.com/warner-bros-jobs
Little Sleepies,https://littlesleepies.com/pages/little-sleepies-careers?srsltid=AfmBOooKDM-tm598kMFdFr19byIh2bwSbkOwbWNbURJZ-lamV-bgdFnB
Thrive Market,https://thrivemarketjobs.com/#openings
BigCommerce,https://bigcommerce.wd12.myworkdayjobs.com/BigCommerce/
Bounteous,https://www.bounteous.com/careers/search-results/?location=United%20States
Complex NTWRK,https://jobs.lever.co/thentwrk/
Karen Kane,https://www.karenkane.com/pages/career-opportunities-v2?srsltid=AfmBOop0740t7sO-1aYOQTkH4taUti57O5vVd0MPWIP9m-7wiNO--0Zo
Teleflora,https://careers.wonderful.com/search
Johnny Was,https://oxford.wd5.myworkdayjobs.com/JohnnyWas
L'AGENCE,https://workforcenow.adp.com/mascsr/default/mdf/recruitment/recruitment.html?cid=57a998f9-44c5-4820-97ef-109ad70bca11&ccId=19000101_000001&source=LI&lang=en_US&selectedMenuKey=CurrentOpenings
Robert Half,https://careers.roberthalf.com/global/en/search-results
The League,https://job-boards.greenhouse.io/leagueinc
Riot Games,https://www.riotgames.com/en/work-with-us#job-list
YipitData,https://www.yipitdata.com/careers/search
Samba TV,https://jobs.lever.co/sambatv
Singer Vehicle Design,https://jobs.dayforcehcm.com/en-US/singer/SingerCareersPage2024
Vitco Foods ,https://www.indeed.com/cmp/Vitco-Foods-2/jobs?q=&l=#cmp-skip-header-desktop
Ajinomoto Foods North America,https://www.ajinomotocareers.com/careers-home/jobs
Pop Mart ,https://pop-mart-americas-inc.breezy.hr
Metro Supply Chain Holdings,https://workforcenow.adp.com/mascsr/default/mdf/recruitment/recruitment.html?cid=8f59aae9-9e10-4426-b389-654b09c90d57&ccId=19000101_000001&lang=en_US
DHL Supply Chain,https://careers.dhl.com/global/en/dsc-functional-support
Conexus Food Solutions,https://www.conexusfood.com/careers
Republic Services ,https://jobs.republicservices.com/us/en/search-results?keywords=
Edray,https://www.indeed.com/cmp/Edray/jobs
Surfaceon Inc,https://www.surfaceinc.com/careers.html
Tireco Inc,https://www.paycomonline.net/v4/ats/web.php/jobs?clientkey=499B84791C438F14D9629A24F8939CFA#
Yondr,https://jobs.ashbyhq.com/yondr
Chipotle,"https://jobs.chipotle.com/search-jobs?acm=ALL&alrpm=ALL&ascf=[%7B%22key%22:%22custom_fields.jobCategory%22,%22value%22:%22Accounting+%26+Finance%22%7D,%7B%22key%22:%22custom_fields.jobCategory%22,%22value%22:%22Corporate+Affairs+%26+Food+Safety%22%7D,%7B%22key%22:%22custom_fields.jobCategory%22,%22value%22:%22Facilities%22%7D,%7B%22key%22:%22custom_fields.jobCategory%22,%22value%22:%22Human+Resources%22%7D,%7B%22key%22:%22custom_fields.jobCategory%22,%22value%22:%22Information+Technology%22%7D,%7B%22key%22:%22custom_fields.jobCategory%22,%22value%22:%22Marketing%22%7D,%7B%22key%22:%22custom_fields.jobCategory%22,%22value%22:%22Operations+Services%22%7D,%7B%22key%22:%22custom_fields.jobCategory%22,%22value%22:%22Restaurant+Design+%26+Development%22%7D,%7B%22key%22:%22custom_fields.jobCategory%22,%22value%22:%22Supply+Chain%22%7D,%7B%22key%22:%22custom_fields.jobCategory%22,%22value%22:%22Legal%22%7D]"
Cargomatic,https://job-boards.greenhouse.io/cargomatic
C. H. Robinson,"https://www.chrobinson.com/en-us/about-us/careers/search/#f-careers_job_region=Canada,Mexico,United%20States%20of%20America"
Kenco Group,https://kencogroup.wd12.myworkdayjobs.com/Kenco
Livingston International,https://jobs.livingstonintl.com/search?locale=en_US
GXO Logistics,https://jobs.gxo.com/search/?searchby=distance&createNewAlert=false&q=&geolocation=&d=10&lat=&lon=&optionsFacetsDD_customfield1=
Expeditors International ,https://www.expeditors.com/careers/jobs
Motion Recruitment,https://motionrecruitment.com/about/work-for-us/careers
Southern California Edison (SCE),https://www.edisoncareers.com/job-search-results/
Qcells,https://careers.qcells.com/search/jobs
174 Power Global ,https://job-boards.greenhouse.io/174powerglobal
Evgo,https://evgo.com/company/careers/#open-positions
Honda ,https://careers.honda.com/us/en/search-results
Cypress Creek Renewables,https://ccrenew.com/careers/
Clean Earth,https://careers.enviri.com/jobs?options=232&page=1
Antares,https://antares.wd5.myworkdayjobs.com/antares
Next Door Home Upgrades,https://about.nextdoor.com/careers/
Climate Corps,https://job-boards.greenhouse.io/cc
Hatch,https://jobs.hatch.com/search/?createNewAlert=false&q=&locationsearch=
Resource Innovations,https://apply.workable.com/resource-innovations/
City National Bank,https://careers.cnb.com/jobs
Apollo,https://athene.wd5.myworkdayjobs.com/Apollo_Careers
"Wilson Sonsini, Goodrich & Rosati",https://careers.wsgr.com/openings/
Burns & McDonnell,https://burnsmcd.jobs/?utm_campaign=EXP_Brand&utm_source=CORP_MKT_Website_Web-Careers_DE-MainPage_38801
Jobot,https://jobot.com/search?q&l
Sol_Up,https://recruiting.paylocity.com/recruiting/jobs/All/cd26a34b-acbd-4a27-b6be-4393671609b7/Sol-Up
David Evans & Associates,https://phh.tbe.taleo.net/phh03/ats/careers/v2/searchResults?org=DEAINC&cws=37
Aptim,https://myjobs.adp.com/aptim-professional-careers/cx/job-listing
Los Angeles International Airport ,https://www.jobsatlax.org/job-search?query=
Ontario International Airport,Ontario International Airport
United Airlines,https://careers.united.com/us/en/search-results
Hallmark Aviation Services,https://www.hallmark-aviation.com/careers
Los Angeles County Metropolitan Transportation Authority,https://www.governmentjobs.com/careers/lametro
HNTB Corporation,https://hntb.jobs/jobs/
Cal Poly Pomona / Transit Alternatives,https://careers.cpp.edu/en-us/listing/
Cal Poly Pomona / Transit Alternatives,https://careers.cpp.edu/en-us/filter/?search-keyword=&work-type=instructional%20faculty%20–%20tenured%2ftenure-track&work-type=non-instructional%20faculty%20(coach%2fcounselor%2flibrarian)&job-mail-subscribe-privacy=agree
Cal Poly Pomona / Transit Alternatives,https://workforcenow.adp.com/mascsr/default/mdf/recruitment/recruitment.html?cid=bcb6323e-7317-4940-a958-cac0ad185a66&ccId=2614781417_1080&type=MP&lang=en_US
SpaceX (Hawthorne) ,https://www.spacex.com/careers/jobs?
Sony Pictures Entertainment,https://www.sonypicturesjobs.com/search-jobs
Owens & Minor,https://owensminor.wd1.myworkdayjobs.com/OMCareers
Amazon,https://www.amazon.jobs/en/search?base_query=&loc_query=
Cargomatic,https://job-boards.greenhouse.io/cargomatic
Bellwether,https://bellwether.org/careers/
California Dept of Transportation,https://calcareers.ca.gov/CalHRPublic/Search/JobSearchResults.aspx#depid=141
Transdev,https://transdevna.jobs/jobs/?r=25
Certified Aviation Services,https://www.certifiedaviation.com/aboutcas
Alliance Ground International,https://allianceground.wd1.myworkdayjobs.com/en-US/AGI_Careers/
Prosegur,https://prosegur.joblinkapply.com
U.S. Census Bureau,https://www.usajobs.gov/Search/Results?l=Suitland%2C%20Maryland&a=CM63&p=1&k=
Social Security Administration,https://www.usajobs.gov/Search/Results?l=&a=SZ00&r=50
LA City Controller’s Office ,https://personnel.lacity.gov/jobs/index.cfm?sort=datez&amt=10
City of Long Beach,https://www.governmentjobs.com/careers/longbeach
City of Pasadena,https://www.governmentjobs.com/careers/pasadena/classspecs
City of Santa Monica,https://www.governmentjobs.com/careers/santamonica
City of Anaheim,https://www.governmentjobs.com/careers/anaheim
City of Irvine,https://www.governmentjobs.com/careers/irvine?page=2
City of Pomona,https://www.governmentjobs.com/careers/pomona/
San Bernardino County Transportation Authority,https://www.governmentjobs.com/careers/sbcta
Orange County Department of Education,https://www.edjoin.org/ocde
California State University (CSU) System,https://csucareers.calstate.edu/en-us/filter/?=&leftNavSearchFormQuery=&=&search=&search-keyword=&work-type=management%20%28mpp%29&work-type=staff&job-mail-subscribe-privacy=agree
California State University (CSU) System,https://csucareers.calstate.edu/en-us/filter/?=&leftNavSearchFormQuery=&=&search=&search-keyword=&category=unit%203%20-%20cfa%20-%20california%20faculty%20association&job-mail-subscribe-privacy=agree
"University of California, Los Angeles (UCLA)",https://recruit.apo.ucla.edu/apply
California Community Colleges Chancellor’s Office,https://calcareers.ca.gov/CalHRPublic/Search/JobSearchResults.aspx#depid=172
Los Angeles County Department of Mental Health,https://dmh.lacounty.gov/about/employment-opportunities/
"University of California, Los Angeles",https://jobs.ucla.edu/jobs?sortBy=posted_date&descending=true&page=1
University of Southern California ,https://usccareers.usc.edu/search-jobs
"California State Polytechnic University, Pomona",https://careercenter.cpp.edu/jobs/
California Institute of Technology,https://phf.tbe.taleo.net/phf03/ats/careers/v2/searchResults?org=CALTECH&cws=37
Claremont Graduate University,https://theclaremontcolleges.wd1.myworkdayjobs.com/en-US/CGU_Careers
Pepperdine University,https://jobs.pepperdine.edu/jobs/search?query=&button=
Loyola Marymount University,https://lmu.wd1.myworkdayjobs.com/Careers
Chapman University,https://chapman.peopleadmin.com/postings/search?query=&query_posted_at=&query_position_type_id=1&commit=Search
"University of California, Irvine",https://jobs.uci.edu/careers-home/jobs
RAND Corporation,https://rand.wd5.myworkdayjobs.com/External_Career_Site/
Age of Learning,https://jobs.lever.co/aofl
GoGuardian,https://job-boards.greenhouse.io/goguardian
Khan Lab School,https://khanlabschool.bamboohr.com/careers
Nearpod,https://careers.smartrecruiters.com/Renaissance
Edlio,https://recruiting.paylocity.com/recruiting/jobs/All/69f44fb2-1a57-4506-9b55-579f368d0272/Edlio-LLC
"Instructure (Canvas LMS, SoCal remote teams)",https://www.instructure.com/about/careers#comparably
MasterClass (LA HQ),https://careers.masterclass.com/jobs
Zovio (remote/LA contractors) ,https://www.levels.fyi/jobs
TutorMe (Los Angeles) ,https://apply.workable.com/tutor-me-education-1/
Course Hero (SoCal presence),https://www.coursehero.com/jobs/#positions
Long Beach Unified School District (LBUSD),https://www.schooljobs.com/careers/longbeachusd
Youtube ,https://www.google.com/about/careers/applications/jobs/results/?company=YouTube
Amazon Studios,https://www.amazon.jobs/content/en/teams/amazon-entertainment/amazon-mgm-studios
Paramount,https://careers.paramount.com/go/All-Current-Job-Opportunities/8710000/?_gl=1*1hufnh7*_gcl_au*MTI0Njg2MjA5OS4xNzQ1ODU0NDI5
Roku,https://www.weareroku.com/jobs/search?query=
NBCUniversal,https://jobs.universalparks.com/job-search-results?addtnl_categories[]=Analytics
Lionsgate,https://jobs.lionsgate.com/go/View-All-Openings/8023300/
Activision Blizzard,https://careers.activisionblizzard.com/c/corporate-administration-jobs
Electronic Arts,https://jobs.ea.com/en_US/careers
Scopely,https://www.scopely.com/en/careers
Square Enix America,https://apply.workable.com/square-enix-america/
IllFonic,https://illfonic.breezy.hr
Nexon America,https://www.nexon.com/nexon-america/en/careers
Cloud Imperium Games,https://cloudimperiumgames.com/jobs
Snap Inc,https://careers.snap.com/jobs
Discord,https://discord.com/careers#all-jobs
Los Angeles Dodgers,https://www.teamworkonline.com/baseball-jobs/los-angeles-dodgers-jobs/los-angeles-dodgers
Los Angeles Rams,https://www.teamworkonline.com/football-jobs/la-rams-careers/los-angeles-rams
Anschutz Entertainment Group,https://aegworldwide.com/careers/job-search?title=
Charter Communications,"https://jobs.spectrum.com/search-jobs?acm=ALL&alrpm=ALL&ascf=[%7B%22key%22:%22custom_fields.CustomTheme%22,%22value%22:%22Sales%22%7D]"
Frontier Communications,https://careers.frontier.com/careers?start=0&pid=29940854&sort_by=hot
AT&T,https://www.att.jobs/search-jobs/Los%20Angeles%2C%20CA/117/4/6252001-5332921-5368381-5368361-5377761/34x09001/-117x75033/50/2
Cox Communications,https://jobs.coxenterprises.com/en/jobs/
Sonic.net,https://www.sonic.com/careers
Verizon Wireless,https://mycareer.verizon.com/jobs/
T-Mobile,https://careers.t-mobile.com/jobs?keyword=%23careersnotjobs&filter%5Bcategory%5D%5B0%5D=Marketing&filter%5Bcategory%5D%5B1%5D=Media%20and%20Creative&filter%5Bcategory%5D%5B2%5D=Business%20Sales&utm_source=Google%28PMax%29&utm_medium=Pmax&utm_campaign=FY25_Marketing_Bellevue_WA_Marketing&source=srm_google_max
Boost Mobile,https://jobs.dish.com/jobs?_gl=1*1142erc*_ga*NzUxNjg3MTc5LjE3NTE1OTE5OTY.*_ga_LEBY87WE5G*czE3NTE1OTE5OTUkbzEkZzEkdDE3NTE1OTE5OTUkajYwJGwwJGgw
hughes,https://echostar.wd501.myworkdayjobs.com/echostar
Mint Mobile,https://www.mintmobile.com/careers/
Crown Castle,https://recruiting2.ultipro.com/CRO1010CCUSA/JobBoard/74c30440-80fa-4099-8981-2e10b7193d27/?q=&o=postedDateDesc
Zayo Group,https://zayo.wd1.myworkdayjobs.com/Zayo_Careers
American Tower,https://careers.americantower.com/#en/sites/CX_1/jobs?mode=location
Boingo Wireless,https://www.boingo.com/corporate/careers/
Astound Broadband,https://recruiting.ultipro.com/RCN1000RCN/JobBoard/624d6141-f4fa-4f19-8493-34034c8044c3/?q=&o=postedDateDesc&w=&wc=&we=&wpst=
Uniti Group,https://uniti.hrmdirect.com/employment/job-openings.php?sort=ca&&search=true
Segra,https://jobs.dayforcehcm.com/en-US/LUMOS/CANDIDATEPORTAL
PacketFabric,https://packetfabric.com/careers
GeoLinks,https://geolinks.com/careers/
IntelePeer,https://careers.intelepeer.ai/jobs
CBRE Group,https://careers.cbre.com/en_US/careers/SearchJobs/?9577=%5B17276%5D&9577_format=10224&listFilterMode=1&jobRecordsPerPage=6&
JLL (Jones Lang LaSalle),https://jll.wd1.myworkdayjobs.com/jllcareers
Colliers International,https://colliers.wd3.myworkdayjobs.com/Colliers-External-Career-Site
Cushman & Wakefield,https://careers.cushmanwakefield.com/en/jobs/?search=&location=&origin=global
Newmark,https://hdow.fa.us6.oraclecloud.com/hcmUI/CandidateExperience/en/sites/CX_1001/jobs?mode=location
Marcus & Millichap,https://jobs.lever.co/marcusmillichap
Avison Young,https://us-avisonyoung.icims.com/jobs/search?ss=1&searchRelation=keyword_all
Lennar Corporation,https://careers.lennar.com/search
Taylor Morrison,https://careers.taylormorrison.com/jobs?page_size=15&page_number=1&sort_by=start_date&sort_order=DESC
Toll Brothers,https://www.tollcareercenter.com/locations/california
DR Horton,https://drhorton.taleo.net/careersection/campus/jobsearch.ftl?lang=en
The Related Companies,https://www.related.jobs/careers-home/jobs
Brookfield Residential,https://brookfield.wd5.myworkdayjobs.com/brookfieldproperties
Equity Residential,https://jobs.equityapartments.com/#en/sites/CX_1/jobs?mode=location
AvalonBay Communities,https://jobs.avalonbay.com/search-jobs
Greystar Real Estate Partners,https://jobs.greystar.com/search-jobs
Essex Property Trust,https://essex.wd5.myworkdayjobs.com/essexcareers?_gl=1*jeuhf8*_gcl_au*MzIzMjMyOTIwLjE3NTE1OTQ5MzA.*_ga*MTg1NDI5NDY3LjE3NTE1OTQ5MzA.*_ga_6WGL6JZ4YN*czE3NTE1OTQ5MzAkbzEkZzAkdDE3NTE1OTQ5MzAkajYwJGwwJGgw
Tutor Perini Corporation,https://tutorperini.wd12.myworkdayjobs.com/external
AECOM,https://aecom.jobs/?utm_source=aecomdotcom&utm_medium=web&utm_campaign=careers&utm_id=+global_careers&utm_content=header_CTA_Global
Jacobs Engineering Group,https://careers.jacobs.com/en_US/careers/SearchJobs/?listFilterMode=1&jobRecordsPerPage=10&
Simpson Strong-Tie,https://strongtie.wd1.myworkdayjobs.com/External
LA Promise Fund ,https://lapromisefund.bamboohr.com/careers
Inner-City Arts,https://inner-cityarts.org/employment
The Broad Foundation,https://www.thebroad.org/employment
The California Endowment,https://workforcenow.adp.com/mascsr/default/mdf/recruitment/recruitment.html?cid=44ea96b7-ea14-46a2-9d5b-ce4d4f51f2c0&ccId=19000101_000001&type=JS&lang=en_US
Liberty Hill Foundation,https://www.libertyhill.org/who-we-are/careers/
California Community Foundation,https://workforcenow.adp.com/mascsr/default/mdf/recruitment/recruitment.html?cid=f6367592-039a-4a45-accf-d85964830146&ccId=19000101_000001&lang=en_US&selectedMenuKey=CurrentOpenings
United States Veterans Initiative,https://jobs.dvnf.org/jobs/
Public Policy Institute of California,https://www.ppic.org/about-ppic/careers/
NextGen Policy,https://nextgenamerica.org/careers/#jobs
Partnership for Los Angeles Schools ,https://partnershipla.org/careers/
California Community Colleges Chancellor’s Office,California Community Colleges Chancellor’s Office
Downtown Women’s Center,https://downtownwomenscenter.org/career-opportunities/
PATH (People Assisting the Homeless),https://epath.org/careers/job/
Los Angeles LGBT Center,https://workforcenow.adp.com/mascsr/default/mdf/recruitment/recruitment.html?cid=1b5c209a-57fc-4185-86d3-22629ae3ab1d&ccId=19000101_000001&source=CC2&lang=en_US&selectedMenuKey=CareerCenter
Latham & Watkins LLP,https://careers-lw.icims.com/jobs/search?hashed=-625915638&mobile=false&width=1360&height=500&bga=true&needsRedirect=false&jan1offset=-480&jun1offset=-420
"Gibson, Dunn & Crutcher LLP",https://www.gibsondunn.com/careers/staff/?find-opportunity=all&_job_keyword=
O’Melveny & Myers LLP,https://ommcareers.viglobalcloud.com/viRecruitSelfApply/RecDefault.aspx?Tag=cf40ad5c-d136-4fac-a1d8-c63d17dc4b2a
Sheppard Mullin Richter & Hampton LLP,Sheppard Mullin Richter & Hampton LLP
Sidley Austin LLP,https://careers-sidley.icims.com/jobs/search?ss=1&mobile=false&width=1161&height=500&bga=true&needsRedirect=false&jan1offset=-480&jun1offset=-420
Kirkland & Ellis LLP,https://staffjobsus.kirkland.com/jobs/search/?q=&location_city=&sort_by=cfml10%2Cdesc
"Skadden, Arps, Slate, Meagher & Flom LLP",https://skadden.wd5.myworkdayjobs.com/Skadden_Careers
Paul Hastings LLP ,https://jobs.phextranet.com/PH-Staff/viRecruitSelfApply/ReDefault.aspx?Tag=19464867-4b0e-43a9-83cd-aa797004ecc3
Reed Smith LLP ,https://recruit.reedsmith.com/psc/RSHCMPRD/EMPLOYEE/HRMS/c/HRS_HRAM_FL.HRS_CG_SEARCH_FL.GBL?Page=HRS_APP_SCHJOB_FL&Action=U
"Munger, Tolles & Olson LLP",https://mto.wd1.myworkdayjobs.com/MTO_Careers
KPMG LLP,https://www.kpmguscareers.com/job-search/?career-level-parents=Experienced%7C&career-level=&spage=1
EY (Ernst & Young),https://careers.ey.com/search/?createNewAlert=false&q=&locationsearch=&optionsFacetsDD_country=US&optionsFacetsDD_customfield1=Consulting
Protiviti,https://roberthalf.wd1.myworkdayjobs.com/ProtivitiNA
FTI Consulting,https://fticonsult.referrals.selectminds.com/fticareers
Ankura Consulting Group ,https://ankura.com/job-openings
AlixPartners,https://www.alixpartners.com/careers/job-search/?f%5Bfacet%5D%5B0%5D=Career&f%5Bfacet%5D%5B1%5D=Jobs
Avery Dennison,https://www.averydennison.com/en/home/careers/search-jobs.html
Northrop Grumman,https://jobs.northropgrumman.com/careers?pid=1340059425319&domain=ngc.com&sort_by=relevance
Raytheon Technologies,https://careers.rtx.com/global/en/search-results
Disney Corporate,https://www.disneycareers.com/en/search-jobs
Control Risks,https://apply.workable.com/control-risks-6/#jobs
Dole Food Company,https://jobs.dole.com/Jobs
Grimmway Farms,https://careers-grimmway.icims.com/jobs/search?ss=1&hashed=-435594378
Wonderful Company,https://careers.wonderful.com/search
Calavo Growers,https://workforcenow.adp.com/mascsr/default/mdf/recruitment/recruitment.html?cid=ee88cc26-17aa-43ca-a300-9a0be5a2e5f6&ccId=19000101_000001&lang=en_US
Mission Produce,https://missionproduce.com/careers
Sunkist Growers,https://workforcenow.adp.com/mascsr/default/mdf/recruitment/recruitment.html?cid=db8c99df-3031-4268-8946-d8ef3ea24251&ccId=19000101_000001&lang=en_US
Grocery Outlet,https://recruiting.ultipro.com/GRO1006/JobBoard/4c6ab91f-73c0-bb4f-ad81-094171fac4c7/?q=&o=postedDateDesc
Golden State Foods ,https://resume-goldenstatefoods.icims.com/jobs/search?ss=1&mobile=false&width=1424&height=500&bga=true&needsRedirect=false&jan1offset=-480&jun1offset=-420
Reyes Coca-Cola Bottling,https://jobportal.reyesholdings.com/rccb/jobs?lang=en-us&limit=100&page=1
Niagara Bottling ,https://careers.niagarawater.com/us/en/search-results?keywords=
Driscoll’s,https://www.driscolls.com/about/careers#job-listing
Netafim USA ,https://recruiting.paylocity.com/recruiting/jobs/All/14b63f7e-f14e-4dd5-bc11-24a936ebc95f/Netafim-Irrigation-Inc
Trimble Agriculture (regional) ,https://trimblecareers.trimble.com/careers
AgMonitor Inc.,https://agmonitor.pinpointhq.com/#js-careers-jobs-block
CropX,https://cropx.com/careers/#section_jobs
Farmer’s Business Network,https://www.fbn.com/about/careers#marketing-page-module-anchor-open-roles
Ceres Imaging,https://ceres.ai/careers
OSI Group,https://recruiting2.ultipro.com/OSI1000OSIG/JobBoard/5c31fa30-0b12-4718-abf6-664d6271de12/?q=&o=postedDateDesc
Lineage Logistics,https://onelineage.wd1.myworkdayjobs.com/External?locationHierarchy1=b935ea3fe4f510019af1f0f65b4b0000
Western Milling,https://careers-westernmilling.icims.com/jobs/search?ss=1
Pacific International Marketing,https://www.pim4u.com/careers
Blue Diamond Growers,https://bdgrowers.wd1.myworkdayjobs.com/External
Everytable,https://workforcenow.adp.com/mascsr/default/mdf/recruitment/recruitment.html?cid=e4d1a846-f5cc-41b9-98f0-d09e32401d96&ccId=19000101_000001&lang=en_US
Ferguson,https://ferguson.wd1.myworkdayjobs.com/Ferguson_Experienced?q=Analyst